{
    "ComponentIconsSize": 1.0,
    "ComponentIconsOffset": 21,
    "ComponentIconsSpacing": 2.0,
    "HierarchyTreeColor": {
        "r": 0.4117647111415863,
        "g": 0.5607843399047852,
        "b": 0.24705882370471955,
        "a": 1.0
    },
    "TreeBranchImageType_I": 0,
    "TreeBranchImageType_L": 0,
    "TreeBranchImageType_T": 0,
    "TreeBranchImageType_TerminalBud": 0,
    "TagColor": {
        "r": 0.4117647111415863,
        "g": 0.5607843399047852,
        "b": 0.24705882370471955,
        "a": 1.0
    },
    "TagTextAnchor": 5,
    "TagFontStyle": 3,
    "TagFontSize": 9,
    "LayerColor": {
        "r": 0.9058823585510254,
        "g": 0.8705882430076599,
        "b": 0.8039215803146362,
        "a": 1.0
    },
    "LayerTextAnchor": 3,
    "LayerFontStyle": 3,
    "LayerFontSize": 9,
    "TagLayerOffset": 5,
    "TagLayerSpacing": 5,
    "HierarchyLineColor": {
        "r": 0.4117647111415863,
        "g": 0.5607843399047852,
        "b": 0.24705882370471955,
        "a": 0.501960813999176
    },
    "HierarchyLineThickness": 1,
    "HierarchyButtonLockColor": {
        "r": 0.7921568751335144,
        "g": 0.772549033164978,
        "b": 0.6000000238418579,
        "a": 0.501960813999176
    },
    "HierarchyButtonVisibilityColor": {
        "r": 0.4117647111415863,
        "g": 0.5607843399047852,
        "b": 0.24705882370471955,
        "a": 0.501960813999176
    },
    "FolderDefaultTextColor": {
        "r": 0.9058823585510254,
        "g": 0.8705882430076599,
        "b": 0.8039215803146362,
        "a": 1.0
    },
    "FolderDefaultFontSize": 12,
    "FolderDefaultFontStyle": 0,
    "FolderDefaultImageColor": {
        "r": 0.7921568751335144,
        "g": 0.772549033164978,
        "b": 0.6000000238418579,
        "a": 1.0
    },
    "FolderDefaultImageType": 7,
    "SeparatorDefaultTextColor": {
        "r": 0.9843137264251709,
        "g": 0.9803921580314636,
        "b": 0.9725490212440491,
        "a": 1.0
    },
    "SeparatorDefaultIsGradientBackground": true,
    "SeparatorDefaultBackgroundColor": {
        "r": 0.4117647111415863,
        "g": 0.5607843399047852,
        "b": 0.24705882370471955,
        "a": 1.0
    },
    "SeparatorDefaultBackgroundGradient": {
        "serializedVersion": "2",
        "key0": {
            "r": 0.4117647111415863,
            "g": 0.5607843399047852,
            "b": 0.24705882370471955,
            "a": 1.0
        },
        "key1": {
            "r": 0.501960813999176,
            "g": 0.30588236451148989,
            "b": 0.2862745225429535,
            "a": 1.0
        },
        "key2": {
            "r": 0.0,
            "g": 0.0,
            "b": 0.0,
            "a": 0.0
        },
        "key3": {
            "r": 0.0,
            "g": 0.0,
            "b": 0.0,
            "a": 0.0
        },
        "key4": {
            "r": 0.0,
            "g": 0.0,
            "b": 0.0,
            "a": 0.0
        },
        "key5": {
            "r": 0.0,
            "g": 0.0,
            "b": 0.0,
            "a": 0.0
        },
        "key6": {
            "r": 0.0,
            "g": 0.0,
            "b": 0.0,
            "a": 0.0
        },
        "key7": {
            "r": 0.0,
            "g": 0.0,
            "b": 0.0,
            "a": 0.0
        },
        "ctime0": 0,
        "ctime1": 65535,
        "ctime2": 0,
        "ctime3": 0,
        "ctime4": 0,
        "ctime5": 0,
        "ctime6": 0,
        "ctime7": 0,
        "atime0": 0,
        "atime1": 65535,
        "atime2": 0,
        "atime3": 0,
        "atime4": 0,
        "atime5": 0,
        "atime6": 0,
        "atime7": 0,
        "m_Mode": 2,
        "m_ColorSpace": -1,
        "m_NumColorKeys": 2,
        "m_NumAlphaKeys": 2
    },
    "SeparatorDefaultFontSize": 13,
    "SeparatorDefaultFontStyle": 0,
    "SeparatorDefaultTextAnchor": 4,
    "SeparatorDefaultImageType": 9,
    "SeparatorLeftSideTextAnchorOffset": 3,
    "SeparatorCenterTextAnchorOffset": -15,
    "SeparatorRightSideTextAnchorOffset": 36,
    "LockColor": {
        "r": 0.9843137264251709,
        "g": 0.9803921580314636,
        "b": 0.9725490212440491,
        "a": 1.0
    },
    "LockTextAnchor": 4,
    "LockFontStyle": 3,
    "LockFontSize": 11
}